id,label,kind,local_file,master_file,planned_file,source_page,direct_asset_url,status,input_role,credit,rights_status,native_dimensions,used_by
"USER-STRIP-01","South Strip at blue hour","user image","references/user/strip-blue-hour.png","","","","","local","Exact scene and geometry: Mandalay Bay at left, MGM Grand at right.","User attachment #1","User-provided reference; original retained.","752x424","hero-poster.jpg;hero-mobile.mp4;story-1.jpg;story-2.jpg"
"USER-SPHERE-NIGHT-02","Sphere night skyline / base","user image","references/user/sphere-night-base.png","","","","","local","Fixed night viewpoint, Sphere silhouette, roads and surrounding skyline.","User attachment #2","User-provided reference; original retained.","1711x1085","sphere-poster.jpg"
"USER-SPHERE-FACE-03","Yellow face / artwork only","user image","references/user/sphere-yellow-face.png","","","","","local","Thick brows, white eyes, dark pupils and small smile only; exclude daytime surroundings.","User attachment #3","User-provided reference; original retained.","554x554","sphere-poster.jpg"
"GEN-SPHERE-01","Night Sphere with yellow face","generated image","references/generated/sphere-night-smiley-v1.png","","","","","local","Composite candidate made from user images #2 and #3. Visually checked; source detail is regenerated.","Built-in image generator","Generated reference candidate; not installed on website.","1575x999","sphere-poster.jpg;sphere.mp4"
"REF-SHOWS","O pool and auditorium","catalog image","references/catalog/ref-shows.jpg","","","https://www.cirquedusoleil.com/o/buy-tickets?city=las-vegas&country=usa","https://www.cirquedusoleil.com/-/media/cds/images/shows/o/revamp_2024/tp/plan-ahead/o-itinerary-theatre-seating-800x450.jpg?db=web&vs=1&hash=A2E26FD4A9DA56153BA0EA61984813A8","local","Visible pool-to-seating view, red seats, warm arches; no unseen stage design.","Cirque du Soleil, photographer not established","Research reference; publication and AI-upload rights not established.","800x450","band-shows.jpg;story-3.jpg;category-shows.jpg"
"REF-NIGHTLIFE","OMNIA crowd and chandelier","catalog image","references/catalog/ref-nightlife.jpg","","","https://taogroup.com/venues/omnia-nightclub-las-vegas/gallery/","https://taogroup.com/wp-content/uploads/2022/07/Omnia_Illenium_SammyDean_07.02.22.Webres-135.jpg","local","Club architecture, lighting and believable crowd density.","Tao Group gallery; Sammy Dean indicated in source filename","Research reference; publication and AI-upload rights not established.","1024x683","band-nightlife.jpg;story-5.jpg;category-nightlife.jpg"
"REF-POOLS","Encore Beach Club pool","catalog image","references/catalog/ref-pools.jpg","","","https://www.wynnlasvegas.com/experiences/pools","https://images.ctfassets.net/nmhu6zvnbnyf/4a7G6gn0uETc4YwaGiDf4x/106d5c1f2b326e771767f6e2412f35d5/600_Encore_Beach_Club_Barbara_Kraft.avif?fm=jpg","local","Actual pool shape, palms, shade structures and daylight; source is a quiet empty pool.","Barbara Kraft / Wynn","Research reference; publication and AI-upload rights not established.","828x466","band-pools.jpg;category-pools.jpg"
"REF-FOOD","Grilled paneer tikka","catalog image","references/catalog/ref-food.jpg","","","https://www.pexels.com/photo/grilled-paneer-tikka-with-spices-and-sauces-33430556/","https://images.pexels.com/photos/33430556/pexels-photo-33430556.jpeg?cs=srgb&dl=pexels-shootsaga-33430556.jpg&fm=jpg","local","Dish texture, paneer shape, char and chutney; not a Las Vegas venue.","Anil Sharma / Pexels","Pexels license permits free use and modification, subject to its restrictions.","5504x4128","band-food.jpg;category-food.jpg"
"REF-FREE","Bellagio fountains at dusk","catalog image","references/catalog/ref-free.webp","","","https://bellagio.mgmresorts.com/en/entertainment/fountains-of-bellagio.html","https://thelibrary.mgmresorts.com/transform/cPg5C4YqJj35/Bellagio-Exterior-Cooler---Anthony-Mair?format=webp&io=transform%3Afill%2Cwidth%3A639%2Cheight%3A320&quality=75","local","Frontal lake, hotel and fountain relationship. 639px website crop; not a delivery master.","Anthony Mair / MGM source filename","Research reference; publication and AI-upload rights not established.","639x320","band-free.jpg;story-4.jpg;category-free.jpg"
"REF-TOURS","Helicopter and canyon","catalog image","references/catalog/ref-tours.jpg","","","https://www.papillon.com/las-vegas-tours/helicopter-air-tours/golden-eagle-air-tour/","https://d1r7mbfz55e4ig.cloudfront.net/c/s-focal-X/1600w/900h/tardis/RS13581_aerials04-SouthRim-EDIT-red-ec-130-flying-over-grand-canyon-south-rim?format=auto","local","Visible aircraft and canyon formations; photo filename identifies South Rim, no itinerary claim.","Papillon source; photographer not established","Research reference; publication and AI-upload rights not established.","1600x900","band-tours.jpg;category-tours.jpg"
"REF-TRANSIT","Monorail / Convention Center","catalog image","references/catalog/ref-transit.jpg","","","https://www.lvmonorail.com/","https://www.lvmonorail.com/wp-content/uploads/2026/06/2022-0043-0006e-1-scaled.jpg","local","Golden-hour train, elevated guideway and actual Convention Center surroundings.","Las Vegas Monorail","Research reference; publication and AI-upload rights not established.","2560x1707","band-getting-around.jpg;category-getting-around.jpg"
"REF-21PLUS","Overlook Lounge materials","catalog image","references/catalog/ref-21plus.jpg","","","https://www.wynnlasvegas.com/dining/bars-and-lounges/overlook-lounge","https://cdn.wynnresorts.com/image/upload/f_auto/q_auto/v1780079468/Wynn%20Las%20Vegas/Dining%20Redesign/Bars%20and%20Lounges/Overlook%20Lounge/overlook-lounge-view-lake-of-dreams-1920x1080.jpg","local","Red/pink upholstery, gold lamps, curtains and small tables; general lounge illustration only.","Wynn","Research reference; publication and AI-upload rights not established.","1920x1080","band-21plus.jpg;story-1.jpg;category-21plus.jpg"
"REF-KIDS","Adventuredome swing carousel","catalog image","references/catalog/ref-kids.webp","","","https://www.circuscircus.com/attractions/adventuredome/","https://www.circuscircus.com/wp-content/uploads/2026/03/Rectangle-31-3.webp","local","Actual swing carousel, chains, suspended seats and dome structure; not a roller coaster.","Circus Circus","Research reference; publication and AI-upload rights not established.","664x650","band-kids.jpg"
"REF-FOOD-PASTA","LAGO mafaldine","catalog image","references/catalog/ref-food-pasta.jpg","","","https://bellagio.mgmresorts.com/en/restaurants/lago.html","https://thelibrary.mgmresorts.com/transform/gK80aX09R0R91M3c/BEL167059402.jpg","local","Pasta ribbons, food texture, portion and plating; no invented restaurant location.","Bellagio / MGM","Research reference; publication and AI-upload rights not established.","1599x1999","story-2.jpg"
"REF-LATE-BITE","Grand Lux entrance","catalog image","references/catalog/ref-late-bite.jpg","","","https://www.venetianlasvegas.com/dining/restaurants/grand-lux-cafe-venetian.html","https://www.venetianlasvegas.com/adobe/dynamicmedia/deliver/dm-aid--43d8e721-7dc6-4bd6-b198-7aaa99d399f7/hero-primary-2000x812.jpg?preferwebp=true&quality=64","local","Entrance facade, warm arches and partial dining-area glimpse; not a complete interior view.","The Venetian","Research reference; publication and AI-upload rights not established.","1280x519","story-2.jpg;story-6.jpg"
"VIDEO-DRONE-01","Night lateral aerial / New York-New York","motion video","references/motion/video-drone-01-motion-8s.mp4","references/motion/video-drone-01-night-aerial.mp4","","https://www.pexels.com/video/aerial-night-view-of-las-vegas-skyline-32089177/","https://videos.pexels.com/video-files/32089177/13678662_3840_2160_24fps.mp4","local","Smooth lateral/orbit movement and pacing only; do not transfer the statue, buildings or exposure.","Benjamin Villasenor / Pexels","Pexels license; source date is page metadata, capture date unknown.","1280x720; 8s motion excerpt; source master 3840x2160 / 25s","hero.mp4;sphere.mp4"
"VIDEO-DRONE-02","Wynn lateral flight and rise","motion video","references/motion/video-drone-02-motion-8s.mp4","references/motion/video-drone-02-wynn-rise.mp4","","https://dronestock.com/aerial-drone-stock-video-wynn-rise-las-vegas-m0116040355/","https://stream.mux.com/00sR3G5BzpK6WN6XCJrj468TpKwBf4gNcG501TapshB0000.m3u8","local","Stabilized lateral motion plus gentle rise; reduce distance and speed for a subtle mobile hero.","Hovercameras / DroneStock","CC0 according to DroneStock's current terms; attribution appreciated.","1280x720; 8s motion excerpt; downloaded source 24.19s","hero-mobile.mp4"
"VIDEO-DRONE-03","Sphere sunrise orbit / optional paid sample","video source","","","","https://www.pond5.com/it/stock-footage/item/278276585-circular-aerial-drone-view-sunrise-sphere-las-vegas-united-s","","source link only","Optional orbit/parallax study; night photo remains geometry authority. Not acquired or uploaded.","SooniosPro / Pond5","Paid commercial license listed; not purchased.","",""
"VIDEO-DRONE-04","Palms twilight / edited montage","inspiration video","references/motion/video-drone-04-twilight.mp4","","","https://www.pexels.com/video/las-vegas-casino-drone-shot-18065155/","https://videos.pexels.com/video-files/18065155/18065155-uhd_3840_2160_24fps.mp4","local","Twilight light/composition inspiration only. Contains multiple cuts; do not upload the whole montage as a continuous-motion input.","Scott Unfried / Pexels","Pexels license; source date is page metadata, capture date unknown.","3840x2160; 12.845s edited montage",""
"VIDEO-AERIAL-ARCHIVE","Night Strip flyover / archival alternate","video source","","","","https://www.axiomimages.com/aerial-stock-footage/view/DCA03_060","","source link only","Smooth forward aerial motion study only; shot February 26, 2010. Drone capture not established.","Axiom Images","Paid license listed; not purchased.","",""
"REF-SPHERE-OFFICIAL","Official Orbi artwork","image source","","","","https://www.thesphere.com/studios-proxy/spherestudios/work","https://www.thesphere.com/_next/image?q=60&url=https%3A%2F%2Fus-east-1-msg.graphassets.com%2FALB6wy2xYSoCFY4hrWCvsz%2Fcmpycs1oj0szz07k9y3sr1pik&w=3840","source link only","Official artwork/context supplement; user attachment #3 defines the requested exact expression.","Sphere Studios","Research reference; publication and AI-upload rights not established.","",""
"VIDEO-SPHERE-OFFICIAL","Official XO Stream","video source","","","","https://thesphere.com/xo-stream","","source link only","Observe real display behavior only; stream is not an acquired reusable motion file.","Sphere","Research reference; publication and AI-upload rights not established.","",""
"DERIVED-HERO-POSTER","hero-poster.jpg","future derived image","","","hero-poster.jpg","","","pending future output","16:9 reviewed hero starting scene; prepare from USER-STRIP-01","Future project output","Not yet produced or selected.","","hero.mp4;og-image.jpg"
"DERIVED-HERO-MOBILE-FRAME","hero-mobile-start.png","future derived image","","","hero-mobile-start.png","","","pending future output","9:16 truthful portrait crop/edit; no relocated hotels; prepare from USER-STRIP-01","Future project output","Not yet produced or selected.","","hero-mobile.mp4"
"DERIVED-BAND-SHOWS","band-shows.jpg","future derived image","","","band-shows.jpg","","","pending future output","Reviewed category still for continuity and wider-header treatment; prepare from REF-SHOWS","Future project output","Not yet produced or selected.","","story-3.jpg;category-shows.jpg"
"DERIVED-BAND-FREE","band-free.jpg","future derived image","","","band-free.jpg","","","pending future output","Reviewed category still for continuity and wider-header treatment; prepare from REF-FREE","Future project output","Not yet produced or selected.","","story-4.jpg;category-free.jpg"
"DERIVED-BAND-FOOD","band-food.jpg","future derived image","","","band-food.jpg","","","pending future output","Reviewed category still for continuity and wider-header treatment; prepare from REF-FOOD","Future project output","Not yet produced or selected.","","category-food.jpg"
"DERIVED-BAND-NIGHTLIFE","band-nightlife.jpg","future derived image","","","band-nightlife.jpg","","","pending future output","Reviewed category still for continuity and wider-header treatment; prepare from REF-NIGHTLIFE","Future project output","Not yet produced or selected.","","story-5.jpg;category-nightlife.jpg"
"DERIVED-BAND-POOLS","band-pools.jpg","future derived image","","","band-pools.jpg","","","pending future output","Reviewed category still for continuity and wider-header treatment; prepare from REF-POOLS","Future project output","Not yet produced or selected.","","category-pools.jpg"
"DERIVED-BAND-TOURS","band-tours.jpg","future derived image","","","band-tours.jpg","","","pending future output","Reviewed category still for continuity and wider-header treatment; prepare from REF-TOURS","Future project output","Not yet produced or selected.","","category-tours.jpg"
"DERIVED-BAND-TRANSIT","band-getting-around.jpg","future derived image","","","band-getting-around.jpg","","","pending future output","Reviewed category still for continuity and wider-header treatment; prepare from REF-TRANSIT","Future project output","Not yet produced or selected.","","category-getting-around.jpg"
"DERIVED-BAND-21PLUS","band-21plus.jpg","future derived image","","","band-21plus.jpg","","","pending future output","Reviewed category still for continuity and wider-header treatment; prepare from REF-21PLUS","Future project output","Not yet produced or selected.","","category-21plus.jpg"

