file,type,reference_ids
"hero-poster.jpg","Image","USER-STRIP-01"
"hero.mp4","Video","DERIVED-HERO-POSTER;VIDEO-DRONE-01"
"hero-mobile.mp4","Video","DERIVED-HERO-MOBILE-FRAME;VIDEO-DRONE-02;USER-STRIP-01"
"sphere-poster.jpg","Image","USER-SPHERE-NIGHT-02;USER-SPHERE-FACE-03;GEN-SPHERE-01"
"sphere.mp4","Video","GEN-SPHERE-01;VIDEO-DRONE-01"
"band-shows.jpg","Image","REF-SHOWS"
"band-nightlife.jpg","Image","REF-NIGHTLIFE"
"band-pools.jpg","Image","REF-POOLS"
"band-food.jpg","Image","REF-FOOD"
"band-free.jpg","Image","REF-FREE"
"band-tours.jpg","Image","REF-TOURS"
"band-getting-around.jpg","Image","REF-TRANSIT"
"band-21plus.jpg","Image","REF-21PLUS"
"band-kids.jpg","Image","REF-KIDS"
"story-1.jpg","Image","USER-STRIP-01;REF-21PLUS"
"story-2.jpg","Image","REF-FOOD-PASTA;REF-LATE-BITE;USER-STRIP-01"
"story-3.jpg","Image","REF-SHOWS;DERIVED-BAND-SHOWS"
"story-4.jpg","Image","REF-FREE;DERIVED-BAND-FREE"
"story-5.jpg","Image","REF-NIGHTLIFE;DERIVED-BAND-NIGHTLIFE"
"story-6.jpg","Image","REF-LATE-BITE"
"og-image.jpg","Image","DERIVED-HERO-POSTER"
"category-shows.jpg","Image","DERIVED-BAND-SHOWS;REF-SHOWS"
"category-free.jpg","Image","DERIVED-BAND-FREE;REF-FREE"
"category-food.jpg","Image","DERIVED-BAND-FOOD;REF-FOOD"
"category-nightlife.jpg","Image","DERIVED-BAND-NIGHTLIFE;REF-NIGHTLIFE"
"category-pools.jpg","Image","DERIVED-BAND-POOLS;REF-POOLS"
"category-tours.jpg","Image","DERIVED-BAND-TOURS;REF-TOURS"
"category-getting-around.jpg","Image","DERIVED-BAND-TRANSIT;REF-TRANSIT"
"category-21plus.jpg","Image","DERIVED-BAND-21PLUS;REF-21PLUS"

